DateTime,Pressure,Unit,Temperature(℃),Interval (S)
10/04/2023 10:15:02,48,psi,22.6,1
10/04/2023 10:15:03,48,psi,22.6,1
10/04/2023 10:15:04,47,psi,22.6,1
10/04/2023 10:15:05,47,psi,22.6,1
10/04/2023 10:15:06,49,psi,22.6,1
10/04/2023 10:15:07,47,psi,22.6,1
10/04/2023 10:15:08,48,psi,22.6,1
10/04/2023 10:15:09,47,psi,22.6,1
10/04/2023 10:15:10,47,psi,22.6,1
10/04/2023 10:15:11,49,psi,22.6,1
10/04/2023 10:15:12,48,psi,22.6,1
10/04/2023 10:15:13,46,psi,22.6,1
10/04/2023 10:15:14,50,psi,22.6,1
10/04/2023 10:15:15,61,psi,22.6,1
10/04/2023 10:15:16,75,psi,22.6,1
10/04/2023 10:15:17,90,psi,22.6,1
10/04/2023 10:15:18,107,psi,22.6,1
10/04/2023 10:15:19,121,psi,22.6,1
10/04/2023 10:15:20,139,psi,22.6,1
10/04/2023 10:15:21,157,psi,22.6,1
10/04/2023 10:15:22,176,psi,22.6,1
10/04/2023 10:15:23,194,psi,22.6,1
10/04/2023 10:15:24,214,psi,22.6,1
10/04/2023 10:15:25,233,psi,22.6,1
10/04/2023 10:15:26,253,psi,22.6,1
10/04/2023 10:15:27,272,psi,22.6,1
10/04/2023 10:15:28,291,psi,22.6,1
10/04/2023 10:15:29,312,psi,22.6,1
10/04/2023 10:15:30,332,psi,22.6,1
10/04/2023 10:15:31,355,psi,22.6,1
10/04/2023 10:15:32,377,psi,22.6,1
10/04/2023 10:15:33,402,psi,22.6,1
10/04/2023 10:15:34,426,psi,22.6,1
10/04/2023 10:15:35,455,psi,22.6,1
10/04/2023 10:15:36,482,psi,22.6,1
10/04/2023 10:15:37,509,psi,22.6,1
10/04/2023 10:15:38,538,psi,22.6,1
10/04/2023 10:15:39,567,psi,22.6,1
10/04/2023 10:15:40,594,psi,22.6,1
10/04/2023 10:15:41,624,psi,22.6,1
10/04/2023 10:15:42,651,psi,22.6,1
10/04/2023 10:15:43,678,psi,22.6,1
10/04/2023 10:15:44,707,psi,22.6,1
10/04/2023 10:15:45,733,psi,22.6,1
10/04/2023 10:15:46,763,psi,22.6,1
10/04/2023 10:15:47,795,psi,22.6,1
10/04/2023 10:15:48,825,psi,22.6,1
10/04/2023 10:15:49,859,psi,22.6,1
10/04/2023 10:15:50,898,psi,22.6,1
10/04/2023 10:15:51,936,psi,22.6,1
10/04/2023 10:15:52,975,psi,22.6,1
10/04/2023 10:15:53,1016,psi,22.6,1
10/04/2023 10:15:54,1056,psi,22.6,1
10/04/2023 10:15:55,1097,psi,22.6,1
10/04/2023 10:15:56,1140,psi,22.6,1
10/04/2023 10:15:57,1184,psi,22.6,1
10/04/2023 10:15:58,1227,psi,22.6,1
10/04/2023 10:15:59,1270,psi,22.6,1
10/04/2023 10:16:00,1316,psi,22.6,1
10/04/2023 10:16:01,1359,psi,22.6,1
10/04/2023 10:16:02,1403,psi,22.6,1
10/04/2023 10:16:03,1441,psi,22.6,1
10/04/2023 10:16:04,1479,psi,22.6,1
10/04/2023 10:16:05,1513,psi,22.6,1
10/04/2023 10:16:06,1546,psi,22.6,1
10/04/2023 10:16:07,1580,psi,22.6,1
10/04/2023 10:16:08,1616,psi,22.6,1
10/04/2023 10:16:09,1658,psi,22.6,1
10/04/2023 10:16:10,1702,psi,22.6,1
10/04/2023 10:16:11,1750,psi,22.6,1
10/04/2023 10:16:12,1797,psi,22.6,1
10/04/2023 10:16:13,1844,psi,22.6,1
10/04/2023 10:16:14,1894,psi,22.6,1
10/04/2023 10:16:15,1943,psi,22.6,1
10/04/2023 10:16:16,1990,psi,22.6,1
10/04/2023 10:16:17,2040,psi,22.6,1
10/04/2023 10:16:18,2157,psi,22.6,1
10/04/2023 10:16:19,2270,psi,22.6,1
10/04/2023 10:16:20,2357,psi,22.6,1
10/04/2023 10:16:21,2426,psi,22.6,1
10/04/2023 10:16:22,2519,psi,22.6,1
10/04/2023 10:16:23,2626,psi,22.6,1
10/04/2023 10:16:24,2660,psi,22.6,1
10/04/2023 10:16:25,2627,psi,22.6,1
10/04/2023 10:16:26,2681,psi,22.6,1
10/04/2023 10:16:27,2655,psi,22.6,1
10/04/2023 10:16:28,2709,psi,22.6,1
10/04/2023 10:16:29,2685,psi,22.6,1
10/04/2023 10:16:30,2668,psi,22.6,1
10/04/2023 10:16:31,2650,psi,22.6,1
10/04/2023 10:16:32,2638,psi,22.6,1
10/04/2023 10:16:33,2625,psi,22.6,1
10/04/2023 10:16:34,2613,psi,22.6,1
10/04/2023 10:16:35,2604,psi,22.6,1
10/04/2023 10:16:36,2594,psi,22.6,1
10/04/2023 10:16:37,2584,psi,22.6,1
10/04/2023 10:16:38,2577,psi,22.6,1
10/04/2023 10:16:39,2568,psi,22.6,1
10/04/2023 10:16:40,2561,psi,22.6,1
10/04/2023 10:16:41,2554,psi,22.6,1
10/04/2023 10:16:42,2546,psi,22.6,1
10/04/2023 10:16:43,2540,psi,22.6,1
10/04/2023 10:16:44,2535,psi,22.6,1
10/04/2023 10:16:45,2529,psi,22.6,1
10/04/2023 10:16:46,2523,psi,22.6,1
10/04/2023 10:16:47,2517,psi,22.6,1
10/04/2023 10:16:48,2513,psi,22.6,1
10/04/2023 10:16:49,2507,psi,22.6,1
10/04/2023 10:16:50,2502,psi,22.6,1
10/04/2023 10:16:51,2498,psi,22.6,1
10/04/2023 10:16:52,2493,psi,22.6,1
10/04/2023 10:16:53,2488,psi,22.6,1
10/04/2023 10:16:54,2483,psi,22.6,1
10/04/2023 10:16:55,2480,psi,22.6,1
10/04/2023 10:16:56,2475,psi,22.6,1
10/04/2023 10:16:57,2472,psi,22.6,1
10/04/2023 10:16:58,2467,psi,22.6,1
10/04/2023 10:16:59,2465,psi,22.6,1
10/04/2023 10:17:00,2461,psi,22.6,1
10/04/2023 10:17:01,2458,psi,22.6,1
10/04/2023 10:17:02,2455,psi,22.6,1
10/04/2023 10:17:03,2450,psi,22.6,1
10/04/2023 10:17:04,2447,psi,22.6,1
10/04/2023 10:17:05,2445,psi,22.6,1
10/04/2023 10:17:06,2441,psi,22.6,1
10/04/2023 10:17:07,2439,psi,22.6,1
10/04/2023 10:17:08,2435,psi,22.6,1
10/04/2023 10:17:09,2432,psi,22.6,1
10/04/2023 10:17:10,2430,psi,22.6,1
10/04/2023 10:17:11,2427,psi,22.6,1
10/04/2023 10:17:12,2425,psi,22.6,1
10/04/2023 10:17:13,2422,psi,22.6,1
10/04/2023 10:17:14,2420,psi,22.6,1
10/04/2023 10:17:15,2417,psi,22.6,1
10/04/2023 10:17:16,2414,psi,22.6,1
10/04/2023 10:17:17,2412,psi,22.6,1
10/04/2023 10:17:18,2410,psi,22.6,1
10/04/2023 10:17:19,2407,psi,22.6,1
10/04/2023 10:17:20,2405,psi,22.6,1
10/04/2023 10:17:21,2402,psi,22.6,1
10/04/2023 10:17:22,2401,psi,22.6,1
10/04/2023 10:17:23,2398,psi,22.6,1
10/04/2023 10:17:24,2396,psi,22.6,1
10/04/2023 10:17:25,2394,psi,22.6,1
10/04/2023 10:17:26,2392,psi,22.6,1
10/04/2023 10:17:27,2390,psi,22.6,1
10/04/2023 10:17:28,2389,psi,22.6,1
10/04/2023 10:17:29,2386,psi,22.6,1
10/04/2023 10:17:30,2384,psi,22.6,1
10/04/2023 10:17:31,2384,psi,22.6,1
10/04/2023 10:17:32,2381,psi,22.6,1
10/04/2023 10:17:33,2378,psi,22.6,1
10/04/2023 10:17:34,2376,psi,22.6,1
10/04/2023 10:17:35,2375,psi,22.6,1
10/04/2023 10:17:36,2372,psi,22.6,1
10/04/2023 10:17:37,2370,psi,22.6,1
10/04/2023 10:17:38,2370,psi,22.6,1
10/04/2023 10:17:39,2369,psi,22.6,1
10/04/2023 10:17:40,2366,psi,22.6,1
10/04/2023 10:17:41,2365,psi,22.6,1
10/04/2023 10:17:42,2363,psi,22.6,1
10/04/2023 10:17:43,2361,psi,22.6,1
10/04/2023 10:17:44,2360,psi,22.6,1
10/04/2023 10:17:45,2359,psi,22.6,1
10/04/2023 10:17:46,2358,psi,22.6,1
10/04/2023 10:17:47,2356,psi,22.6,1
10/04/2023 10:17:48,2355,psi,22.6,1
10/04/2023 10:17:49,2352,psi,22.6,1
10/04/2023 10:17:50,2350,psi,22.6,1
10/04/2023 10:17:51,2350,psi,22.6,1
10/04/2023 10:17:52,2348,psi,22.6,1
10/04/2023 10:17:53,2347,psi,22.6,1
10/04/2023 10:17:54,2344,psi,22.6,1
10/04/2023 10:17:55,2343,psi,22.6,1
10/04/2023 10:17:56,2341,psi,22.6,1
10/04/2023 10:17:57,2339,psi,22.6,1
10/04/2023 10:17:58,2339,psi,22.6,1
10/04/2023 10:17:59,2337,psi,22.6,1
10/04/2023 10:18:00,2336,psi,22.6,1
10/04/2023 10:18:01,2336,psi,22.6,1
10/04/2023 10:18:02,2334,psi,22.6,1
10/04/2023 10:18:03,2334,psi,22.6,1
10/04/2023 10:18:04,2331,psi,22.6,1
10/04/2023 10:18:05,2331,psi,22.6,1
10/04/2023 10:18:06,2330,psi,22.6,1
10/04/2023 10:18:07,2327,psi,22.6,1
10/04/2023 10:18:08,2327,psi,22.6,1
10/04/2023 10:18:09,2326,psi,22.6,1
10/04/2023 10:18:10,2324,psi,22.6,1
10/04/2023 10:18:11,2323,psi,22.6,1
10/04/2023 10:18:12,2322,psi,22.6,1
10/04/2023 10:18:13,2320,psi,22.6,1
10/04/2023 10:18:14,2320,psi,22.6,1
10/04/2023 10:18:15,2317,psi,22.6,1
10/04/2023 10:18:16,2316,psi,22.6,1
10/04/2023 10:18:17,2316,psi,22.6,1
10/04/2023 10:18:18,2315,psi,22.6,1
10/04/2023 10:18:19,2315,psi,22.6,1
10/04/2023 10:18:20,2312,psi,22.6,1
10/04/2023 10:18:21,2312,psi,22.6,1
10/04/2023 10:18:22,2311,psi,22.6,1
10/04/2023 10:18:23,2310,psi,22.6,1
10/04/2023 10:18:24,2310,psi,22.6,1
10/04/2023 10:18:25,2308,psi,22.6,1
10/04/2023 10:18:26,2307,psi,22.6,1
10/04/2023 10:18:27,2306,psi,22.6,1
10/04/2023 10:18:28,2304,psi,22.6,1
10/04/2023 10:18:29,2304,psi,22.6,1
10/04/2023 10:18:30,2303,psi,22.6,1
10/04/2023 10:18:31,2301,psi,22.6,1
10/04/2023 10:18:32,2301,psi,22.6,1
10/04/2023 10:18:33,2300,psi,22.6,1
10/04/2023 10:18:34,2298,psi,22.6,1
10/04/2023 10:18:35,2299,psi,22.6,1
10/04/2023 10:18:36,2296,psi,22.6,1
10/04/2023 10:18:37,2296,psi,22.6,1
10/04/2023 10:18:38,2296,psi,22.6,1
10/04/2023 10:18:39,2293,psi,22.6,1
10/04/2023 10:18:40,2293,psi,22.6,1
10/04/2023 10:18:41,2292,psi,22.6,1
10/04/2023 10:18:42,2291,psi,22.6,1
10/04/2023 10:18:43,2290,psi,22.6,1
10/04/2023 10:18:44,2289,psi,22.6,1
10/04/2023 10:18:45,2288,psi,22.6,1
10/04/2023 10:18:46,2288,psi,22.6,1
10/04/2023 10:18:47,2287,psi,22.6,1
10/04/2023 10:18:48,2286,psi,22.6,1
10/04/2023 10:18:49,2285,psi,22.6,1
10/04/2023 10:18:50,2284,psi,22.6,1
10/04/2023 10:18:51,2283,psi,22.6,1
10/04/2023 10:18:52,2283,psi,22.6,1
10/04/2023 10:18:53,2283,psi,22.6,1
10/04/2023 10:18:54,2281,psi,22.6,1
10/04/2023 10:18:55,2281,psi,22.6,1
10/04/2023 10:18:56,2280,psi,22.6,1
10/04/2023 10:18:57,2278,psi,22.6,1
10/04/2023 10:18:58,2277,psi,22.6,1
10/04/2023 10:18:59,2277,psi,22.6,1
10/04/2023 10:19:00,2277,psi,22.6,1
10/04/2023 10:19:01,2275,psi,22.6,1
10/04/2023 10:19:02,2274,psi,22.6,1
10/04/2023 10:19:03,2274,psi,22.6,1
10/04/2023 10:19:04,2274,psi,22.6,1
10/04/2023 10:19:05,2273,psi,22.6,1
10/04/2023 10:19:06,2272,psi,22.6,1
10/04/2023 10:19:07,2272,psi,22.6,1
10/04/2023 10:19:08,2271,psi,22.6,1
10/04/2023 10:19:09,2270,psi,22.6,1
10/04/2023 10:19:10,2268,psi,22.6,1
10/04/2023 10:19:11,2268,psi,22.6,1
10/04/2023 10:19:12,2267,psi,22.6,1
10/04/2023 10:19:13,2266,psi,22.6,1
10/04/2023 10:19:14,2267,psi,22.6,1
10/04/2023 10:19:15,2265,psi,22.6,1
10/04/2023 10:19:16,2263,psi,22.6,1
10/04/2023 10:19:17,2263,psi,22.6,1
10/04/2023 10:19:18,2264,psi,22.6,1
10/04/2023 10:19:19,2262,psi,22.6,1
10/04/2023 10:19:20,2261,psi,22.6,1
10/04/2023 10:19:21,2261,psi,22.6,1
10/04/2023 10:19:22,2260,psi,22.6,1
10/04/2023 10:19:23,2261,psi,22.6,1
10/04/2023 10:19:24,2259,psi,22.6,1
10/04/2023 10:19:25,2258,psi,22.6,1
10/04/2023 10:19:26,2257,psi,22.6,1
10/04/2023 10:19:27,2257,psi,22.6,1
10/04/2023 10:19:28,2257,psi,22.6,1
10/04/2023 10:19:29,2255,psi,22.6,1
10/04/2023 10:19:30,2255,psi,22.6,1
10/04/2023 10:19:31,2253,psi,22.6,1
10/04/2023 10:19:32,2254,psi,22.6,1
10/04/2023 10:19:33,2253,psi,22.6,1
10/04/2023 10:19:34,2252,psi,22.6,1
10/04/2023 10:19:35,2251,psi,22.6,1
10/04/2023 10:19:36,2250,psi,22.6,1
10/04/2023 10:19:37,2250,psi,22.6,1
10/04/2023 10:19:38,2249,psi,22.6,1
10/04/2023 10:19:39,2249,psi,22.6,1
10/04/2023 10:19:40,2249,psi,22.6,1
10/04/2023 10:19:41,2248,psi,22.6,1
10/04/2023 10:19:42,2248,psi,22.6,1
10/04/2023 10:19:43,2247,psi,22.6,1
10/04/2023 10:19:44,2246,psi,22.6,1
10/04/2023 10:19:45,2245,psi,22.6,1
10/04/2023 10:19:46,2245,psi,22.6,1
10/04/2023 10:19:47,2244,psi,22.6,1
10/04/2023 10:19:48,2245,psi,22.6,1
10/04/2023 10:19:49,2242,psi,22.6,1
10/04/2023 10:19:50,2243,psi,22.6,1
10/04/2023 10:19:51,2241,psi,22.6,1
10/04/2023 10:19:52,2241,psi,22.6,1
10/04/2023 10:19:53,2241,psi,22.6,1
10/04/2023 10:19:54,2242,psi,22.6,1
10/04/2023 10:19:55,2239,psi,22.6,1
10/04/2023 10:19:56,2239,psi,22.6,1
10/04/2023 10:19:57,2239,psi,22.6,1
10/04/2023 10:19:58,2238,psi,22.6,1
10/04/2023 10:19:59,2238,psi,22.6,1
10/04/2023 10:20:00,2237,psi,22.6,1
10/04/2023 10:20:01,2236,psi,22.6,1
10/04/2023 10:20:02,2236,psi,22.6,1
10/04/2023 10:20:03,2235,psi,22.6,1
10/04/2023 10:20:04,2235,psi,22.6,1
10/04/2023 10:20:05,2235,psi,22.6,1
10/04/2023 10:20:06,2234,psi,22.6,1
10/04/2023 10:20:07,2233,psi,22.6,1
10/04/2023 10:20:08,2232,psi,22.6,1
10/04/2023 10:20:09,2232,psi,22.6,1
10/04/2023 10:20:10,2232,psi,22.6,1
10/04/2023 10:20:11,2232,psi,22.6,1
10/04/2023 10:20:12,2231,psi,22.6,1
10/04/2023 10:20:13,2230,psi,22.6,1
10/04/2023 10:20:14,2229,psi,22.6,1
10/04/2023 10:20:15,2229,psi,22.6,1
10/04/2023 10:20:16,2228,psi,22.6,1
10/04/2023 10:20:17,2229,psi,22.6,1
10/04/2023 10:20:18,2227,psi,22.6,1
10/04/2023 10:20:19,2227,psi,22.6,1
10/04/2023 10:20:20,2227,psi,22.6,1
10/04/2023 10:20:21,2226,psi,22.6,1
10/04/2023 10:20:22,2225,psi,22.6,1
10/04/2023 10:20:23,2226,psi,22.6,1
10/04/2023 10:20:24,2224,psi,22.6,1
10/04/2023 10:20:25,2223,psi,22.6,1
10/04/2023 10:20:26,2223,psi,22.6,1
10/04/2023 10:20:27,2223,psi,22.6,1
10/04/2023 10:20:28,2222,psi,22.6,1
10/04/2023 10:20:29,2224,psi,22.6,1
10/04/2023 10:20:30,2221,psi,22.6,1
10/04/2023 10:20:31,2221,psi,22.6,1
10/04/2023 10:20:32,2220,psi,22.6,1
10/04/2023 10:20:33,2220,psi,22.6,1
10/04/2023 10:20:34,2219,psi,22.6,1
10/04/2023 10:20:35,2219,psi,22.6,1
10/04/2023 10:20:36,2219,psi,22.6,1
10/04/2023 10:20:37,2217,psi,22.6,1
10/04/2023 10:20:38,2217,psi,22.6,1
10/04/2023 10:20:39,2217,psi,22.6,1
10/04/2023 10:20:40,2216,psi,22.6,1
10/04/2023 10:20:41,2216,psi,22.6,1
10/04/2023 10:20:42,2217,psi,22.6,1
10/04/2023 10:20:43,2216,psi,22.6,1
10/04/2023 10:20:44,2215,psi,22.6,1
10/04/2023 10:20:45,2214,psi,22.6,1
10/04/2023 10:20:46,2214,psi,22.6,1
10/04/2023 10:20:47,2214,psi,22.6,1
10/04/2023 10:20:48,2213,psi,22.6,1
10/04/2023 10:20:49,2213,psi,22.6,1
10/04/2023 10:20:50,2212,psi,22.6,1
10/04/2023 10:20:51,2212,psi,22.6,1
10/04/2023 10:20:52,2211,psi,22.6,1
10/04/2023 10:20:53,2210,psi,22.6,1
10/04/2023 10:20:54,2211,psi,22.6,1
10/04/2023 10:20:55,2211,psi,22.6,1
10/04/2023 10:20:56,2210,psi,22.6,1
10/04/2023 10:20:57,2209,psi,22.6,1
10/04/2023 10:20:58,2208,psi,22.6,1
10/04/2023 10:20:59,2208,psi,22.6,1
10/04/2023 10:21:00,2207,psi,22.6,1
10/04/2023 10:21:01,2208,psi,22.6,1
10/04/2023 10:21:02,2207,psi,22.6,1
10/04/2023 10:21:03,2207,psi,22.6,1
10/04/2023 10:21:04,2205,psi,22.6,1
10/04/2023 10:21:05,2207,psi,22.6,1
10/04/2023 10:21:06,2206,psi,22.6,1
10/04/2023 10:21:07,2204,psi,22.6,1
10/04/2023 10:21:08,2204,psi,22.6,1
10/04/2023 10:21:09,2205,psi,22.6,1
10/04/2023 10:21:10,2204,psi,22.6,1
10/04/2023 10:21:11,2205,psi,22.6,1
10/04/2023 10:21:12,2203,psi,22.6,1
10/04/2023 10:21:13,2203,psi,22.6,1
10/04/2023 10:21:14,2203,psi,22.6,1
10/04/2023 10:21:15,2203,psi,22.6,1
10/04/2023 10:21:16,2201,psi,22.6,1
10/04/2023 10:21:17,2201,psi,22.6,1
10/04/2023 10:21:18,2201,psi,22.6,1
10/04/2023 10:21:19,2201,psi,22.6,1
10/04/2023 10:21:20,2200,psi,22.6,1
10/04/2023 10:21:21,2200,psi,22.6,1
10/04/2023 10:21:22,2199,psi,22.6,1
10/04/2023 10:21:23,2199,psi,22.6,1
10/04/2023 10:21:24,2198,psi,22.6,1
10/04/2023 10:21:25,2199,psi,22.6,1
10/04/2023 10:21:26,2198,psi,22.6,1
10/04/2023 10:21:27,2197,psi,22.6,1
10/04/2023 10:21:28,2198,psi,22.6,1
10/04/2023 10:21:29,2196,psi,22.6,1
10/04/2023 10:21:30,2197,psi,22.6,1
10/04/2023 10:21:31,2197,psi,22.6,1
10/04/2023 10:21:32,2197,psi,22.6,1
10/04/2023 10:21:33,2195,psi,22.6,1
10/04/2023 10:21:34,2195,psi,22.6,1
10/04/2023 10:21:35,2196,psi,22.6,1
10/04/2023 10:21:36,2194,psi,22.6,1
10/04/2023 10:21:37,2193,psi,22.6,1
10/04/2023 10:21:38,2195,psi,22.6,1
10/04/2023 10:21:39,2194,psi,22.6,1
10/04/2023 10:21:40,2193,psi,22.6,1
10/04/2023 10:21:41,2192,psi,22.6,1
10/04/2023 10:21:42,2191,psi,22.6,1
10/04/2023 10:21:43,2192,psi,22.6,1
10/04/2023 10:21:44,2190,psi,22.6,1
10/04/2023 10:21:45,2192,psi,22.6,1
10/04/2023 10:21:46,2190,psi,22.6,1
10/04/2023 10:21:47,2190,psi,22.6,1
10/04/2023 10:21:48,2190,psi,22.6,1
10/04/2023 10:21:49,2189,psi,22.6,1
10/04/2023 10:21:50,2189,psi,22.6,1
10/04/2023 10:21:51,2189,psi,22.6,1
10/04/2023 10:21:52,2189,psi,22.6,1
10/04/2023 10:21:53,2188,psi,22.6,1
10/04/2023 10:21:54,2187,psi,22.6,1
10/04/2023 10:21:55,2188,psi,22.6,1
10/04/2023 10:21:56,2186,psi,22.6,1
10/04/2023 10:21:57,2187,psi,22.6,1
10/04/2023 10:21:58,2188,psi,22.6,1
10/04/2023 10:21:59,2186,psi,22.6,1
10/04/2023 10:22:00,2186,psi,22.6,1
10/04/2023 10:22:01,2185,psi,22.6,1
10/04/2023 10:22:02,2186,psi,22.6,1
10/04/2023 10:22:03,2186,psi,22.6,1
10/04/2023 10:22:04,2185,psi,22.6,1
10/04/2023 10:22:05,2184,psi,22.6,1
10/04/2023 10:22:06,2185,psi,22.6,1
10/04/2023 10:22:07,2184,psi,22.6,1
10/04/2023 10:22:08,2183,psi,22.6,1
10/04/2023 10:22:09,2183,psi,22.6,1
10/04/2023 10:22:10,2182,psi,22.6,1
10/04/2023 10:22:11,2183,psi,22.6,1
10/04/2023 10:22:12,2182,psi,22.6,1
10/04/2023 10:22:13,2183,psi,22.6,1
10/04/2023 10:22:14,2182,psi,22.6,1
10/04/2023 10:22:15,2181,psi,22.6,1
10/04/2023 10:22:16,2181,psi,22.6,1
10/04/2023 10:22:17,2181,psi,22.6,1
10/04/2023 10:22:18,2180,psi,22.6,1
10/04/2023 10:22:19,2178,psi,22.6,1
10/04/2023 10:22:20,2180,psi,22.6,1
10/04/2023 10:22:21,2180,psi,22.6,1
10/04/2023 10:22:22,2180,psi,22.6,1
10/04/2023 10:22:23,2177,psi,22.6,1
10/04/2023 10:22:24,2179,psi,22.6,1
10/04/2023 10:22:25,2178,psi,22.6,1
10/04/2023 10:22:26,2178,psi,22.6,1
10/04/2023 10:22:27,2177,psi,22.6,1
10/04/2023 10:22:28,2177,psi,22.6,1
10/04/2023 10:22:29,2178,psi,22.6,1
10/04/2023 10:22:30,2175,psi,22.6,1
10/04/2023 10:22:31,2176,psi,22.6,1
10/04/2023 10:22:32,2175,psi,22.6,1
10/04/2023 10:22:33,2175,psi,22.6,1
10/04/2023 10:22:34,2175,psi,22.6,1
10/04/2023 10:22:35,2175,psi,22.6,1
10/04/2023 10:22:36,2173,psi,22.6,1
10/04/2023 10:22:37,2174,psi,22.6,1
10/04/2023 10:22:38,2173,psi,22.6,1
10/04/2023 10:22:39,2174,psi,22.6,1
10/04/2023 10:22:40,2174,psi,22.6,1
10/04/2023 10:22:41,2173,psi,22.6,1
10/04/2023 10:22:42,2172,psi,22.6,1
10/04/2023 10:22:43,2173,psi,22.6,1
10/04/2023 10:22:44,2172,psi,22.6,1
10/04/2023 10:22:45,2172,psi,22.6,1
10/04/2023 10:22:46,2171,psi,22.6,1
10/04/2023 10:22:47,2172,psi,22.6,1
10/04/2023 10:22:48,2171,psi,22.6,1
10/04/2023 10:22:49,2171,psi,22.6,1
10/04/2023 10:22:50,2170,psi,22.6,1
10/04/2023 10:22:51,2170,psi,22.6,1
10/04/2023 10:22:52,2170,psi,22.6,1
10/04/2023 10:22:53,2170,psi,22.6,1
10/04/2023 10:22:54,2169,psi,22.6,1
10/04/2023 10:22:55,2169,psi,22.6,1
10/04/2023 10:22:56,2169,psi,22.6,1
10/04/2023 10:22:57,2169,psi,22.6,1
10/04/2023 10:22:58,2169,psi,22.6,1
10/04/2023 10:22:59,2168,psi,22.6,1
10/04/2023 10:23:00,2168,psi,22.6,1
10/04/2023 10:23:01,2168,psi,22.6,1
10/04/2023 10:23:02,2166,psi,22.6,1
10/04/2023 10:23:03,2165,psi,22.6,1
10/04/2023 10:23:04,2167,psi,22.6,1
10/04/2023 10:23:05,2166,psi,22.6,1
10/04/2023 10:23:06,2164,psi,22.6,1
10/04/2023 10:23:07,2166,psi,22.6,1
10/04/2023 10:23:08,2166,psi,22.6,1
10/04/2023 10:23:09,2165,psi,22.6,1
10/04/2023 10:23:10,2165,psi,22.6,1
10/04/2023 10:23:11,2165,psi,22.6,1
10/04/2023 10:23:12,2165,psi,22.6,1
10/04/2023 10:23:13,2165,psi,22.6,1
10/04/2023 10:23:14,2163,psi,22.6,1
10/04/2023 10:23:15,2164,psi,22.6,1
10/04/2023 10:23:16,2164,psi,22.6,1
10/04/2023 10:23:17,2163,psi,22.6,1
10/04/2023 10:23:18,2163,psi,22.6,1
10/04/2023 10:23:19,2162,psi,22.6,1
10/04/2023 10:23:20,2164,psi,22.6,1
10/04/2023 10:23:21,2163,psi,22.6,1
10/04/2023 10:23:22,2163,psi,22.6,1
10/04/2023 10:23:23,2161,psi,22.6,1
10/04/2023 10:23:24,2160,psi,22.6,1
10/04/2023 10:23:25,2161,psi,22.6,1
10/04/2023 10:23:26,2161,psi,22.6,1
10/04/2023 10:23:27,2159,psi,22.6,1
10/04/2023 10:23:28,2160,psi,22.6,1
10/04/2023 10:23:29,2160,psi,22.6,1
10/04/2023 10:23:30,2160,psi,22.6,1
10/04/2023 10:23:31,2160,psi,22.6,1
10/04/2023 10:23:32,2160,psi,22.6,1
10/04/2023 10:23:33,2158,psi,22.6,1
10/04/2023 10:23:34,2158,psi,22.6,1
10/04/2023 10:23:35,2158,psi,22.6,1
10/04/2023 10:23:36,2159,psi,22.6,1
10/04/2023 10:23:37,2158,psi,22.6,1
10/04/2023 10:23:38,2157,psi,22.6,1
10/04/2023 10:23:39,2158,psi,22.6,1
10/04/2023 10:23:40,2157,psi,22.6,1
10/04/2023 10:23:41,2157,psi,22.6,1
10/04/2023 10:23:42,2157,psi,22.6,1
10/04/2023 10:23:43,2158,psi,22.6,1
10/04/2023 10:23:44,2156,psi,22.6,1
10/04/2023 10:23:45,2156,psi,22.6,1
10/04/2023 10:23:46,2156,psi,22.6,1
10/04/2023 10:23:47,2156,psi,22.6,1
10/04/2023 10:23:48,2155,psi,22.6,1
10/04/2023 10:23:49,2155,psi,22.6,1
10/04/2023 10:23:50,2154,psi,22.6,1
10/04/2023 10:23:51,2154,psi,22.6,1
10/04/2023 10:23:52,2154,psi,22.6,1
10/04/2023 10:23:53,2154,psi,22.6,1
10/04/2023 10:23:54,2153,psi,22.6,1
10/04/2023 10:23:55,2154,psi,22.6,1
10/04/2023 10:23:56,2153,psi,22.6,1
10/04/2023 10:23:57,2153,psi,22.6,1
10/04/2023 10:23:58,2152,psi,22.6,1
10/04/2023 10:23:59,2152,psi,22.6,1
10/04/2023 10:24:00,2154,psi,22.6,1
10/04/2023 10:24:01,2153,psi,22.6,1
10/04/2023 10:24:02,2152,psi,22.6,1
10/04/2023 10:24:03,2152,psi,22.6,1
10/04/2023 10:24:04,2151,psi,22.6,1
10/04/2023 10:24:05,2151,psi,22.6,1
10/04/2023 10:24:06,2150,psi,22.6,1
10/04/2023 10:24:07,2151,psi,22.6,1
10/04/2023 10:24:08,2150,psi,22.6,1
10/04/2023 10:24:09,2150,psi,22.6,1
10/04/2023 10:24:10,2150,psi,22.6,1
10/04/2023 10:24:11,2150,psi,22.6,1
10/04/2023 10:24:12,2149,psi,22.6,1
10/04/2023 10:24:13,2150,psi,22.6,1
10/04/2023 10:24:14,2149,psi,22.6,1
10/04/2023 10:24:15,2149,psi,22.6,1
10/04/2023 10:24:16,2148,psi,22.6,1
10/04/2023 10:24:17,2149,psi,22.6,1
10/04/2023 10:24:18,2148,psi,22.6,1
10/04/2023 10:24:19,2147,psi,22.6,1
10/04/2023 10:24:20,2149,psi,22.6,1
10/04/2023 10:24:21,2148,psi,22.6,1
10/04/2023 10:24:22,2147,psi,22.6,1
10/04/2023 10:24:23,2147,psi,22.6,1
10/04/2023 10:24:24,2148,psi,22.6,1
10/04/2023 10:24:25,2147,psi,22.6,1
10/04/2023 10:24:26,2147,psi,22.6,1
10/04/2023 10:24:27,2146,psi,22.6,1
10/04/2023 10:24:28,2146,psi,22.6,1
10/04/2023 10:24:29,2145,psi,22.6,1
10/04/2023 10:24:30,2145,psi,22.6,1
10/04/2023 10:24:31,2147,psi,22.6,1
10/04/2023 10:24:32,2145,psi,22.6,1
10/04/2023 10:24:33,2145,psi,22.6,1
10/04/2023 10:24:34,2144,psi,22.6,1
10/04/2023 10:24:35,2144,psi,22.6,1
10/04/2023 10:24:36,2145,psi,22.6,1
10/04/2023 10:24:37,2143,psi,22.6,1
10/04/2023 10:24:38,2144,psi,22.6,1
10/04/2023 10:24:39,2143,psi,22.6,1
10/04/2023 10:24:40,2309,psi,22.6,1
10/04/2023 10:24:41,2463,psi,22.6,1
10/04/2023 10:24:42,2582,psi,22.6,1
10/04/2023 10:24:43,2687,psi,22.6,1
10/04/2023 10:24:44,2818,psi,22.6,1
10/04/2023 10:24:45,2955,psi,22.6,1
10/04/2023 10:24:46,3086,psi,22.6,1
10/04/2023 10:24:47,3193,psi,22.6,1
10/04/2023 10:24:48,3268,psi,22.6,1
10/04/2023 10:24:49,3369,psi,22.6,1
10/04/2023 10:24:50,3484,psi,22.6,1
10/04/2023 10:24:51,3595,psi,22.6,1
10/04/2023 10:24:52,3687,psi,22.6,1
10/04/2023 10:24:53,3746,psi,22.6,1
10/04/2023 10:24:54,3828,psi,22.6,1
10/04/2023 10:24:55,3931,psi,22.6,1
10/04/2023 10:24:56,4033,psi,22.6,1
10/04/2023 10:24:57,4116,psi,22.6,1
10/04/2023 10:24:58,4167,psi,22.6,1
10/04/2023 10:24:59,4247,psi,22.6,1
10/04/2023 10:25:00,4345,psi,22.6,1
10/04/2023 10:25:01,4444,psi,22.6,1
10/04/2023 10:25:02,4521,psi,22.6,1
10/04/2023 10:25:03,4569,psi,22.6,1
10/04/2023 10:25:04,4656,psi,22.6,1
10/04/2023 10:25:05,4755,psi,22.6,1
10/04/2023 10:25:06,4854,psi,22.6,1
10/04/2023 10:25:07,4922,psi,22.6,1
10/04/2023 10:25:08,4970,psi,22.6,1
10/04/2023 10:25:09,5064,psi,22.6,1
10/04/2023 10:25:10,5164,psi,22.6,1
10/04/2023 10:25:11,5262,psi,22.6,1
10/04/2023 10:25:12,5281,psi,22.6,1
10/04/2023 10:25:13,5297,psi,22.6,1
10/04/2023 10:25:14,5290,psi,22.6,1
10/04/2023 10:25:15,5318,psi,22.6,1
10/04/2023 10:25:16,5304,psi,22.6,1
10/04/2023 10:25:17,5286,psi,22.6,1
10/04/2023 10:25:18,5328,psi,22.6,1
10/04/2023 10:25:19,5303,psi,22.6,1
10/04/2023 10:25:20,5281,psi,22.6,1
10/04/2023 10:25:21,5262,psi,22.6,1
10/04/2023 10:25:22,5244,psi,22.6,1
10/04/2023 10:25:23,5230,psi,22.6,1
10/04/2023 10:25:24,5215,psi,22.6,1
10/04/2023 10:25:25,5202,psi,22.6,1
10/04/2023 10:25:26,5189,psi,22.6,1
10/04/2023 10:25:27,5179,psi,22.6,1
10/04/2023 10:25:28,5168,psi,22.6,1
10/04/2023 10:25:29,5159,psi,22.6,1
10/04/2023 10:25:30,5147,psi,22.6,1
10/04/2023 10:25:31,5139,psi,22.6,1
10/04/2023 10:25:32,5130,psi,22.6,1
10/04/2023 10:25:33,5122,psi,22.6,1
10/04/2023 10:25:34,5113,psi,22.6,1
10/04/2023 10:25:35,5105,psi,22.6,1
10/04/2023 10:25:36,5099,psi,22.6,1
10/04/2023 10:25:37,5088,psi,22.6,1
10/04/2023 10:25:38,5086,psi,22.6,1
10/04/2023 10:25:39,5077,psi,22.6,1
10/04/2023 10:25:40,5071,psi,22.6,1
10/04/2023 10:25:41,5066,psi,22.6,1
10/04/2023 10:25:42,5058,psi,22.6,1
10/04/2023 10:25:43,5054,psi,22.6,1
10/04/2023 10:25:44,5048,psi,22.6,1
10/04/2023 10:25:45,5043,psi,22.6,1
10/04/2023 10:25:46,5037,psi,22.6,1
10/04/2023 10:25:47,5031,psi,22.6,1
10/04/2023 10:25:48,5027,psi,22.6,1
10/04/2023 10:25:49,5022,psi,22.6,1
10/04/2023 10:25:50,5016,psi,22.6,1
10/04/2023 10:25:51,5014,psi,22.6,1
10/04/2023 10:25:52,5007,psi,22.6,1
10/04/2023 10:25:53,5003,psi,22.6,1
10/04/2023 10:25:54,4999,psi,22.6,1
10/04/2023 10:25:55,4994,psi,22.6,1
10/04/2023 10:25:56,4990,psi,22.6,1
10/04/2023 10:25:57,4986,psi,22.6,1
10/04/2023 10:25:58,4982,psi,22.6,1
10/04/2023 10:25:59,4978,psi,22.6,1
10/04/2023 10:26:00,4974,psi,22.6,1
10/04/2023 10:26:01,4971,psi,22.6,1
10/04/2023 10:26:02,4968,psi,22.6,1
10/04/2023 10:26:03,4963,psi,22.6,1
10/04/2023 10:26:04,4961,psi,22.6,1
10/04/2023 10:26:05,4956,psi,22.6,1
10/04/2023 10:26:06,4952,psi,22.6,1
10/04/2023 10:26:07,4950,psi,22.6,1
10/04/2023 10:26:08,4947,psi,22.6,1
10/04/2023 10:26:09,4944,psi,22.6,1
10/04/2023 10:26:10,4939,psi,22.6,1
10/04/2023 10:26:11,4937,psi,22.6,1
10/04/2023 10:26:12,4934,psi,22.6,1
10/04/2023 10:26:13,4932,psi,22.6,1
10/04/2023 10:26:14,4928,psi,22.6,1
10/04/2023 10:26:15,4925,psi,22.6,1
10/04/2023 10:26:16,4922,psi,22.6,1
10/04/2023 10:26:17,4919,psi,22.6,1
10/04/2023 10:26:18,4916,psi,22.6,1
10/04/2023 10:26:19,4913,psi,22.6,1
10/04/2023 10:26:20,4911,psi,22.6,1
10/04/2023 10:26:21,4909,psi,22.6,1
10/04/2023 10:26:22,4905,psi,22.6,1
10/04/2023 10:26:23,4904,psi,22.6,1
10/04/2023 10:26:24,4901,psi,22.6,1
10/04/2023 10:26:25,4899,psi,22.6,1
10/04/2023 10:26:26,4897,psi,22.6,1
10/04/2023 10:26:27,4894,psi,22.6,1
10/04/2023 10:26:28,4890,psi,22.6,1
10/04/2023 10:26:29,4888,psi,22.6,1
10/04/2023 10:26:30,4885,psi,22.6,1
10/04/2023 10:26:31,4884,psi,22.6,1
10/04/2023 10:26:32,4882,psi,22.6,1
10/04/2023 10:26:33,4879,psi,22.6,1
10/04/2023 10:26:34,4876,psi,22.6,1
10/04/2023 10:26:35,4874,psi,22.6,1
10/04/2023 10:26:36,4873,psi,22.6,1
10/04/2023 10:26:37,4870,psi,22.6,1
10/04/2023 10:26:38,4867,psi,22.6,1
10/04/2023 10:26:39,4867,psi,22.6,1
10/04/2023 10:26:40,4864,psi,22.6,1
10/04/2023 10:26:41,4861,psi,22.6,1
10/04/2023 10:26:42,4860,psi,22.6,1
10/04/2023 10:26:43,4858,psi,22.6,1
10/04/2023 10:26:44,4856,psi,22.6,1
10/04/2023 10:26:45,4853,psi,22.6,1
10/04/2023 10:26:46,4851,psi,22.6,1
10/04/2023 10:26:47,4849,psi,22.6,1
10/04/2023 10:26:48,4848,psi,22.6,1
10/04/2023 10:26:49,4846,psi,22.6,1
10/04/2023 10:26:50,4845,psi,22.6,1
10/04/2023 10:26:51,4842,psi,22.6,1
10/04/2023 10:26:52,4840,psi,22.6,1
10/04/2023 10:26:53,4839,psi,22.6,1
10/04/2023 10:26:54,4836,psi,22.6,1
10/04/2023 10:26:55,4835,psi,22.6,1
10/04/2023 10:26:56,4833,psi,22.6,1
10/04/2023 10:26:57,4831,psi,22.6,1
10/04/2023 10:26:58,4830,psi,22.6,1
10/04/2023 10:26:59,4827,psi,22.6,1
10/04/2023 10:27:00,4827,psi,22.6,1
10/04/2023 10:27:01,4824,psi,22.6,1
10/04/2023 10:27:02,4823,psi,22.6,1
10/04/2023 10:27:03,4821,psi,22.6,1
10/04/2023 10:27:04,4820,psi,22.6,1
10/04/2023 10:27:05,4818,psi,22.6,1
10/04/2023 10:27:06,4816,psi,22.6,1
10/04/2023 10:27:07,4814,psi,22.6,1
10/04/2023 10:27:08,4813,psi,22.6,1
10/04/2023 10:27:09,4812,psi,22.6,1
10/04/2023 10:27:10,4810,psi,22.6,1
10/04/2023 10:27:11,4808,psi,22.6,1
10/04/2023 10:27:12,4806,psi,22.6,1
10/04/2023 10:27:13,4806,psi,22.6,1
10/04/2023 10:27:14,4805,psi,22.6,1
10/04/2023 10:27:15,4802,psi,22.6,1
10/04/2023 10:27:16,4801,psi,22.6,1
10/04/2023 10:27:17,4799,psi,22.6,1
10/04/2023 10:27:18,4797,psi,22.6,1
10/04/2023 10:27:19,4797,psi,22.6,1
10/04/2023 10:27:20,4794,psi,22.6,1
10/04/2023 10:27:21,4793,psi,22.6,1
10/04/2023 10:27:22,4792,psi,22.6,1
10/04/2023 10:27:23,4791,psi,22.6,1
10/04/2023 10:27:24,4789,psi,22.6,1
10/04/2023 10:27:25,4788,psi,22.6,1
10/04/2023 10:27:26,4786,psi,22.6,1
10/04/2023 10:27:27,4784,psi,22.6,1
10/04/2023 10:27:28,4784,psi,22.6,1
10/04/2023 10:27:29,4783,psi,22.6,1
10/04/2023 10:27:30,4780,psi,22.6,1
10/04/2023 10:27:31,4780,psi,22.6,1
10/04/2023 10:27:32,4778,psi,22.6,1
10/04/2023 10:27:33,4778,psi,22.6,1
10/04/2023 10:27:34,4776,psi,22.6,1
10/04/2023 10:27:35,4775,psi,22.6,1
10/04/2023 10:27:36,4773,psi,22.6,1
10/04/2023 10:27:37,4772,psi,22.6,1
10/04/2023 10:27:38,4771,psi,22.6,1
10/04/2023 10:27:39,4769,psi,22.6,1
10/04/2023 10:27:40,4768,psi,22.6,1
10/04/2023 10:27:41,4766,psi,22.6,1
10/04/2023 10:27:42,4766,psi,22.6,1
10/04/2023 10:27:43,4765,psi,22.6,1
10/04/2023 10:27:44,4764,psi,22.6,1
10/04/2023 10:27:45,4763,psi,22.6,1
10/04/2023 10:27:46,4763,psi,22.6,1
10/04/2023 10:27:47,4760,psi,22.6,1
10/04/2023 10:27:48,4759,psi,22.6,1
10/04/2023 10:27:49,4757,psi,22.6,1
10/04/2023 10:27:50,4756,psi,22.6,1
10/04/2023 10:27:51,4756,psi,22.6,1
10/04/2023 10:27:52,4755,psi,22.6,1
10/04/2023 10:27:53,4753,psi,22.6,1
10/04/2023 10:27:54,4752,psi,22.6,1
10/04/2023 10:27:55,4750,psi,22.6,1
10/04/2023 10:27:56,4750,psi,22.6,1
10/04/2023 10:27:57,4749,psi,22.6,1
10/04/2023 10:27:58,4748,psi,22.6,1
10/04/2023 10:27:59,4746,psi,22.6,1
10/04/2023 10:28:00,4745,psi,22.6,1
10/04/2023 10:28:01,4744,psi,22.6,1
10/04/2023 10:28:02,4743,psi,22.6,1
10/04/2023 10:28:03,4742,psi,22.6,1
10/04/2023 10:28:04,4741,psi,22.6,1
10/04/2023 10:28:05,4740,psi,22.6,1
10/04/2023 10:28:06,4738,psi,22.6,1
10/04/2023 10:28:07,4737,psi,22.6,1
10/04/2023 10:28:08,4738,psi,22.6,1
10/04/2023 10:28:09,4734,psi,22.6,1
10/04/2023 10:28:10,4734,psi,22.6,1
10/04/2023 10:28:11,4733,psi,22.6,1
10/04/2023 10:28:12,4733,psi,22.6,1
10/04/2023 10:28:13,4733,psi,22.6,1
10/04/2023 10:28:14,4730,psi,22.6,1
10/04/2023 10:28:15,4730,psi,22.6,1
10/04/2023 10:28:16,4728,psi,22.6,1
10/04/2023 10:28:17,4727,psi,22.6,1
10/04/2023 10:28:18,4726,psi,22.6,1
10/04/2023 10:28:19,4726,psi,22.6,1
10/04/2023 10:28:20,4725,psi,22.6,1
10/04/2023 10:28:21,4723,psi,22.6,1
10/04/2023 10:28:22,4723,psi,22.6,1
10/04/2023 10:28:23,4722,psi,22.6,1
10/04/2023 10:28:24,4721,psi,22.6,1
10/04/2023 10:28:25,4720,psi,22.6,1
10/04/2023 10:28:26,4719,psi,22.6,1
10/04/2023 10:28:27,4718,psi,22.6,1
10/04/2023 10:28:28,4717,psi,22.6,1
10/04/2023 10:28:29,4716,psi,22.6,1
10/04/2023 10:28:30,4716,psi,22.7,1
10/04/2023 10:28:31,4715,psi,22.7,1
10/04/2023 10:28:32,4713,psi,22.7,1
10/04/2023 10:28:33,4713,psi,22.7,1
10/04/2023 10:28:34,4712,psi,22.7,1
10/04/2023 10:28:35,4710,psi,22.7,1
10/04/2023 10:28:36,4711,psi,22.7,1
10/04/2023 10:28:37,4709,psi,22.7,1
10/04/2023 10:28:38,4708,psi,22.7,1
10/04/2023 10:28:39,4706,psi,22.7,1
10/04/2023 10:28:40,4706,psi,22.7,1
10/04/2023 10:28:41,4705,psi,22.6,1
10/04/2023 10:28:42,4704,psi,22.6,1
10/04/2023 10:28:43,4706,psi,22.6,1
10/04/2023 10:28:44,4704,psi,22.6,1
10/04/2023 10:28:45,4702,psi,22.6,1
10/04/2023 10:28:46,4700,psi,22.6,1
10/04/2023 10:28:47,4700,psi,22.6,1
10/04/2023 10:28:48,4700,psi,22.6,1
10/04/2023 10:28:49,4698,psi,22.6,1
10/04/2023 10:28:50,4698,psi,22.6,1
10/04/2023 10:28:51,4697,psi,22.6,1
10/04/2023 10:28:52,4695,psi,22.6,1
10/04/2023 10:28:53,4696,psi,22.6,1
10/04/2023 10:28:54,4695,psi,22.6,1
10/04/2023 10:28:55,4693,psi,22.6,1
10/04/2023 10:28:56,4694,psi,22.6,1
10/04/2023 10:28:57,4692,psi,22.6,1
10/04/2023 10:28:58,4691,psi,22.6,1
10/04/2023 10:28:59,4690,psi,22.6,1
10/04/2023 10:29:00,4689,psi,22.6,1
10/04/2023 10:29:01,4688,psi,22.6,1
10/04/2023 10:29:02,4688,psi,22.6,1
10/04/2023 10:29:03,4688,psi,22.6,1
10/04/2023 10:29:04,4687,psi,22.7,1
10/04/2023 10:29:05,4686,psi,22.7,1
10/04/2023 10:29:06,4685,psi,22.7,1
10/04/2023 10:29:07,4684,psi,22.7,1
10/04/2023 10:29:08,4684,psi,22.7,1
10/04/2023 10:29:09,4682,psi,22.7,1
10/04/2023 10:29:10,4682,psi,22.7,1
10/04/2023 10:29:11,4681,psi,22.7,1
10/04/2023 10:29:12,4681,psi,22.7,1
10/04/2023 10:29:13,4679,psi,22.7,1
10/04/2023 10:29:14,4679,psi,22.7,1
10/04/2023 10:29:15,4678,psi,22.7,1
10/04/2023 10:29:16,4678,psi,22.7,1
10/04/2023 10:29:17,4676,psi,22.7,1
10/04/2023 10:29:18,4677,psi,22.7,1
10/04/2023 10:29:19,4675,psi,22.7,1
10/04/2023 10:29:20,4675,psi,22.7,1
10/04/2023 10:29:21,4673,psi,22.7,1
10/04/2023 10:29:22,4672,psi,22.7,1
10/04/2023 10:29:23,4673,psi,22.7,1
10/04/2023 10:29:24,4673,psi,22.7,1
10/04/2023 10:29:25,4671,psi,22.7,1
10/04/2023 10:29:26,4669,psi,22.6,1
10/04/2023 10:29:27,4670,psi,22.6,1
10/04/2023 10:29:28,4670,psi,22.6,1
10/04/2023 10:29:29,4668,psi,22.6,1
10/04/2023 10:29:30,4668,psi,22.6,1
10/04/2023 10:29:31,4667,psi,22.6,1
10/04/2023 10:29:32,4667,psi,22.6,1
10/04/2023 10:29:33,4665,psi,22.6,1
10/04/2023 10:29:34,4664,psi,22.6,1
10/04/2023 10:29:35,4664,psi,22.6,1
10/04/2023 10:29:36,4662,psi,22.6,1
10/04/2023 10:29:37,4663,psi,22.7,1
10/04/2023 10:29:38,4663,psi,22.7,1
10/04/2023 10:29:39,4661,psi,22.7,1
10/04/2023 10:29:40,4660,psi,22.7,1
10/04/2023 10:29:41,4660,psi,22.7,1
10/04/2023 10:29:42,4659,psi,22.7,1
10/04/2023 10:29:43,4659,psi,22.7,1
10/04/2023 10:29:44,4658,psi,22.7,1
10/04/2023 10:29:45,4657,psi,22.7,1
10/04/2023 10:29:46,4656,psi,22.7,1
10/04/2023 10:29:47,4656,psi,22.7,1
10/04/2023 10:29:48,4656,psi,22.6,1
10/04/2023 10:29:49,4654,psi,22.6,1
10/04/2023 10:29:50,4655,psi,22.6,1
10/04/2023 10:29:51,4653,psi,22.6,1
10/04/2023 10:29:52,4653,psi,22.6,1
10/04/2023 10:29:53,4651,psi,22.6,1
10/04/2023 10:29:54,4652,psi,22.6,1
10/04/2023 10:29:55,4650,psi,22.6,1
10/04/2023 10:29:56,4650,psi,22.6,1
10/04/2023 10:29:57,4649,psi,22.6,1
10/04/2023 10:29:58,4649,psi,22.6,1
10/04/2023 10:29:59,4649,psi,22.7,1
10/04/2023 10:30:00,4648,psi,22.7,1
10/04/2023 10:30:01,4647,psi,22.7,1
10/04/2023 10:30:02,4647,psi,22.7,1
10/04/2023 10:30:03,4646,psi,22.7,1
10/04/2023 10:30:04,4645,psi,22.7,1
10/04/2023 10:30:05,4646,psi,22.7,1
10/04/2023 10:30:06,4644,psi,22.7,1
10/04/2023 10:30:07,4642,psi,22.7,1
10/04/2023 10:30:08,4642,psi,22.7,1
10/04/2023 10:30:09,4641,psi,22.7,1
10/04/2023 10:30:10,4641,psi,22.7,1
10/04/2023 10:30:11,4641,psi,22.7,1
10/04/2023 10:30:12,4642,psi,22.7,1
10/04/2023 10:30:13,4640,psi,22.7,1
10/04/2023 10:30:14,4638,psi,22.7,1
10/04/2023 10:30:15,4638,psi,22.7,1
10/04/2023 10:30:16,4638,psi,22.7,1
10/04/2023 10:30:17,4638,psi,22.7,1
10/04/2023 10:30:18,4636,psi,22.7,1
10/04/2023 10:30:19,4637,psi,22.7,1
10/04/2023 10:30:20,4635,psi,22.7,1
10/04/2023 10:30:21,4634,psi,22.7,1
10/04/2023 10:30:22,4634,psi,22.7,1
10/04/2023 10:30:23,4634,psi,22.7,1
10/04/2023 10:30:24,4634,psi,22.7,1
10/04/2023 10:30:25,4633,psi,22.7,1
10/04/2023 10:30:26,4633,psi,22.7,1
10/04/2023 10:30:27,4632,psi,22.7,1
10/04/2023 10:30:28,4632,psi,22.7,1
10/04/2023 10:30:29,4631,psi,22.7,1
10/04/2023 10:30:30,4631,psi,22.7,1
10/04/2023 10:30:31,4629,psi,22.7,1
10/04/2023 10:30:32,4629,psi,22.6,1
10/04/2023 10:30:33,4629,psi,22.6,1
10/04/2023 10:30:34,4628,psi,22.6,1
10/04/2023 10:30:35,4626,psi,22.6,1
10/04/2023 10:30:36,4626,psi,22.6,1
10/04/2023 10:30:37,4627,psi,22.6,1
10/04/2023 10:30:38,4625,psi,22.6,1
10/04/2023 10:30:39,4625,psi,22.6,1
10/04/2023 10:30:40,4625,psi,22.6,1
10/04/2023 10:30:41,4625,psi,22.6,1
10/04/2023 10:30:42,4624,psi,22.6,1
10/04/2023 10:30:43,4622,psi,22.7,1
10/04/2023 10:30:44,4623,psi,22.7,1
10/04/2023 10:30:45,4622,psi,22.7,1
10/04/2023 10:30:46,4621,psi,22.7,1
10/04/2023 10:30:47,4622,psi,22.7,1
10/04/2023 10:30:48,4619,psi,22.7,1
10/04/2023 10:30:49,4619,psi,22.7,1
10/04/2023 10:30:50,4620,psi,22.7,1
10/04/2023 10:30:51,4619,psi,22.7,1
10/04/2023 10:30:52,4619,psi,22.7,1
10/04/2023 10:30:53,4617,psi,22.7,1
10/04/2023 10:30:54,4616,psi,22.7,1
10/04/2023 10:30:55,4617,psi,22.7,1
10/04/2023 10:30:56,4616,psi,22.7,1
10/04/2023 10:30:57,4616,psi,22.7,1
10/04/2023 10:30:58,4615,psi,22.7,1
10/04/2023 10:30:59,4614,psi,22.7,1
10/04/2023 10:31:00,4613,psi,22.7,1
10/04/2023 10:31:01,4612,psi,22.7,1
10/04/2023 10:31:02,4613,psi,22.7,1
10/04/2023 10:31:03,4612,psi,22.7,1
10/04/2023 10:31:04,4612,psi,22.7,1
10/04/2023 10:31:05,4611,psi,22.7,1
10/04/2023 10:31:06,4611,psi,22.7,1
10/04/2023 10:31:07,4612,psi,22.7,1
10/04/2023 10:31:08,4609,psi,22.7,1
10/04/2023 10:31:09,4609,psi,22.7,1
10/04/2023 10:31:10,4610,psi,22.7,1
10/04/2023 10:31:11,4608,psi,22.7,1
10/04/2023 10:31:12,4608,psi,22.7,1
10/04/2023 10:31:13,4607,psi,22.7,1
10/04/2023 10:31:14,4607,psi,22.7,1
10/04/2023 10:31:15,4606,psi,22.7,1
10/04/2023 10:31:16,4605,psi,22.7,1
10/04/2023 10:31:17,4605,psi,22.7,1
10/04/2023 10:31:18,4605,psi,22.7,1
10/04/2023 10:31:19,4604,psi,22.7,1
10/04/2023 10:31:20,4603,psi,22.7,1
10/04/2023 10:31:21,4604,psi,22.7,1
10/04/2023 10:31:22,4603,psi,22.7,1
10/04/2023 10:31:23,4602,psi,22.7,1
10/04/2023 10:31:24,4602,psi,22.7,1
10/04/2023 10:31:25,4602,psi,22.7,1
10/04/2023 10:31:26,4600,psi,22.7,1
10/04/2023 10:31:27,4601,psi,22.7,1
10/04/2023 10:31:28,4601,psi,22.6,1
10/04/2023 10:31:29,4599,psi,22.6,1
10/04/2023 10:31:30,4599,psi,22.6,1
10/04/2023 10:31:31,4599,psi,22.6,1
10/04/2023 10:31:32,4599,psi,22.6,1
10/04/2023 10:31:33,4597,psi,22.6,1
10/04/2023 10:31:34,4598,psi,22.6,1
10/04/2023 10:31:35,4596,psi,22.6,1
10/04/2023 10:31:36,4596,psi,22.6,1
10/04/2023 10:31:37,4597,psi,22.6,1
10/04/2023 10:31:38,4595,psi,22.6,1
10/04/2023 10:31:39,4594,psi,22.6,1
10/04/2023 10:31:40,4594,psi,22.6,1
10/04/2023 10:31:41,4594,psi,22.6,1
10/04/2023 10:31:42,4593,psi,22.6,1
10/04/2023 10:31:43,4593,psi,22.6,1
10/04/2023 10:31:44,4594,psi,22.6,1
10/04/2023 10:31:45,4591,psi,22.6,1
10/04/2023 10:31:46,4592,psi,22.6,1
10/04/2023 10:31:47,4592,psi,22.6,1
10/04/2023 10:31:48,4591,psi,22.6,1
10/04/2023 10:31:49,4590,psi,22.6,1
10/04/2023 10:31:50,4590,psi,22.6,1
10/04/2023 10:31:51,4589,psi,22.6,1
10/04/2023 10:31:52,4589,psi,22.6,1
10/04/2023 10:31:53,4589,psi,22.6,1
10/04/2023 10:31:54,4588,psi,22.6,1
10/04/2023 10:31:55,4589,psi,22.6,1
10/04/2023 10:31:56,4587,psi,22.6,1
10/04/2023 10:31:57,4588,psi,22.6,1
10/04/2023 10:31:58,4587,psi,22.6,1
10/04/2023 10:31:59,4587,psi,22.6,1
10/04/2023 10:32:00,4587,psi,22.6,1
10/04/2023 10:32:01,4585,psi,22.6,1
10/04/2023 10:32:02,4586,psi,22.6,1
10/04/2023 10:32:03,4585,psi,22.6,1
10/04/2023 10:32:04,4584,psi,22.6,1
10/04/2023 10:32:05,4583,psi,22.6,1
10/04/2023 10:32:06,4582,psi,22.6,1
10/04/2023 10:32:07,4583,psi,22.6,1
10/04/2023 10:32:08,4581,psi,22.6,1
10/04/2023 10:32:09,4582,psi,22.6,1
10/04/2023 10:32:10,4581,psi,22.6,1
10/04/2023 10:32:11,4581,psi,22.6,1
10/04/2023 10:32:12,4581,psi,22.6,1
10/04/2023 10:32:13,4580,psi,22.6,1
10/04/2023 10:32:14,4580,psi,22.6,1
10/04/2023 10:32:15,4580,psi,22.6,1
10/04/2023 10:32:16,4579,psi,22.6,1
10/04/2023 10:32:17,4579,psi,22.6,1
10/04/2023 10:32:18,4577,psi,22.6,1
10/04/2023 10:32:19,4578,psi,22.6,1
10/04/2023 10:32:20,4577,psi,22.6,1
10/04/2023 10:32:21,4576,psi,22.6,1
10/04/2023 10:32:22,4576,psi,22.6,1
10/04/2023 10:32:23,4576,psi,22.6,1
10/04/2023 10:32:24,4575,psi,22.6,1
10/04/2023 10:32:25,4575,psi,22.6,1
10/04/2023 10:32:26,4575,psi,22.6,1
10/04/2023 10:32:27,4574,psi,22.6,1
10/04/2023 10:32:28,4574,psi,22.6,1
10/04/2023 10:32:29,4574,psi,22.6,1
10/04/2023 10:32:30,4574,psi,22.6,1
10/04/2023 10:32:31,4573,psi,22.6,1
10/04/2023 10:32:32,4572,psi,22.6,1
10/04/2023 10:32:33,4572,psi,22.6,1
10/04/2023 10:32:34,4573,psi,22.6,1
10/04/2023 10:32:35,4571,psi,22.6,1
10/04/2023 10:32:36,4571,psi,22.6,1
10/04/2023 10:32:37,4571,psi,22.6,1
10/04/2023 10:32:38,4570,psi,22.6,1
10/04/2023 10:32:39,4570,psi,22.6,1
10/04/2023 10:32:40,4569,psi,22.6,1
10/04/2023 10:32:41,4568,psi,22.6,1
10/04/2023 10:32:42,4568,psi,22.6,1
10/04/2023 10:32:43,4569,psi,22.6,1
10/04/2023 10:32:44,4567,psi,22.6,1
10/04/2023 10:32:45,4566,psi,22.7,1
10/04/2023 10:32:46,4567,psi,22.7,1
10/04/2023 10:32:47,4567,psi,22.7,1
10/04/2023 10:32:48,4566,psi,22.7,1
10/04/2023 10:32:49,4565,psi,22.7,1
10/04/2023 10:32:50,4565,psi,22.7,1
10/04/2023 10:32:51,4567,psi,22.7,1
10/04/2023 10:32:52,4566,psi,22.7,1
10/04/2023 10:32:53,4563,psi,22.7,1
10/04/2023 10:32:54,4564,psi,22.7,1
10/04/2023 10:32:55,4563,psi,22.7,1
10/04/2023 10:32:56,4563,psi,22.7,1
10/04/2023 10:32:57,4562,psi,22.7,1
10/04/2023 10:32:58,4562,psi,22.7,1
10/04/2023 10:32:59,4561,psi,22.7,1
10/04/2023 10:33:00,4562,psi,22.7,1
10/04/2023 10:33:01,4561,psi,22.7,1
10/04/2023 10:33:02,4562,psi,22.7,1
10/04/2023 10:33:03,4558,psi,22.7,1
10/04/2023 10:33:04,4561,psi,22.7,1
10/04/2023 10:33:05,4559,psi,22.7,1
10/04/2023 10:33:06,4559,psi,22.7,1
10/04/2023 10:33:07,4558,psi,22.7,1
10/04/2023 10:33:08,4559,psi,22.7,1
10/04/2023 10:33:09,4559,psi,22.7,1
10/04/2023 10:33:10,4557,psi,22.7,1
10/04/2023 10:33:11,4557,psi,22.7,1
10/04/2023 10:33:12,4557,psi,22.7,1
10/04/2023 10:33:13,4556,psi,22.7,1
10/04/2023 10:33:14,4556,psi,22.7,1
10/04/2023 10:33:15,4555,psi,22.7,1
10/04/2023 10:33:16,4555,psi,22.7,1
10/04/2023 10:33:17,4555,psi,22.7,1
10/04/2023 10:33:18,4555,psi,22.7,1
10/04/2023 10:33:19,4553,psi,22.6,1
10/04/2023 10:33:20,4554,psi,22.6,1
10/04/2023 10:33:21,4555,psi,22.6,1
10/04/2023 10:33:22,4553,psi,22.6,1
10/04/2023 10:33:23,4553,psi,22.6,1
10/04/2023 10:33:24,4552,psi,22.6,1
10/04/2023 10:33:25,4553,psi,22.6,1
10/04/2023 10:33:26,4552,psi,22.6,1
10/04/2023 10:33:27,4552,psi,22.6,1
10/04/2023 10:33:28,4551,psi,22.6,1
10/04/2023 10:33:29,4552,psi,22.6,1
10/04/2023 10:33:30,4552,psi,22.7,1
10/04/2023 10:33:31,4551,psi,22.7,1
10/04/2023 10:33:32,4551,psi,22.7,1
10/04/2023 10:33:33,4550,psi,22.7,1
10/04/2023 10:33:34,4550,psi,22.7,1
10/04/2023 10:33:35,4548,psi,22.7,1
10/04/2023 10:33:36,4548,psi,22.7,1
10/04/2023 10:33:37,4550,psi,22.7,1
10/04/2023 10:33:38,4548,psi,22.7,1
10/04/2023 10:33:39,4548,psi,22.7,1
10/04/2023 10:33:40,4547,psi,22.7,1
10/04/2023 10:33:41,4547,psi,22.7,1
10/04/2023 10:33:42,4547,psi,22.7,1
10/04/2023 10:33:43,4546,psi,22.7,1
10/04/2023 10:33:44,4546,psi,22.7,1
10/04/2023 10:33:45,4545,psi,22.7,1
10/04/2023 10:33:46,4545,psi,22.7,1
10/04/2023 10:33:47,4544,psi,22.7,1
10/04/2023 10:33:48,4544,psi,22.7,1
10/04/2023 10:33:49,4544,psi,22.7,1
10/04/2023 10:33:50,4544,psi,22.7,1
10/04/2023 10:33:51,4545,psi,22.7,1
10/04/2023 10:33:52,4542,psi,22.7,1
10/04/2023 10:33:53,4543,psi,22.7,1
10/04/2023 10:33:54,4542,psi,22.7,1
10/04/2023 10:33:55,4541,psi,22.7,1
10/04/2023 10:33:56,4543,psi,22.7,1
10/04/2023 10:33:57,4541,psi,22.7,1
10/04/2023 10:33:58,4541,psi,22.7,1
10/04/2023 10:33:59,4541,psi,22.7,1
10/04/2023 10:34:00,4540,psi,22.7,1
10/04/2023 10:34:01,4542,psi,22.7,1
10/04/2023 10:34:02,4540,psi,22.7,1
10/04/2023 10:34:03,4540,psi,22.6,1
10/04/2023 10:34:04,4539,psi,22.6,1
10/04/2023 10:34:05,4540,psi,22.6,1
10/04/2023 10:34:06,4539,psi,22.6,1
10/04/2023 10:34:07,4539,psi,22.6,1
10/04/2023 10:34:08,4537,psi,22.6,1
10/04/2023 10:34:09,4538,psi,22.6,1
10/04/2023 10:34:10,4537,psi,22.6,1
10/04/2023 10:34:11,4538,psi,22.6,1
10/04/2023 10:34:12,4537,psi,22.6,1
10/04/2023 10:34:13,4536,psi,22.6,1
10/04/2023 10:34:14,4536,psi,22.6,1
10/04/2023 10:34:15,4536,psi,22.6,1
10/04/2023 10:34:16,4536,psi,22.6,1
10/04/2023 10:34:17,4534,psi,22.6,1
10/04/2023 10:34:18,4534,psi,22.6,1
10/04/2023 10:34:19,4534,psi,22.6,1
10/04/2023 10:34:20,4534,psi,22.6,1
10/04/2023 10:34:21,4533,psi,22.6,1
10/04/2023 10:34:22,4534,psi,22.6,1
10/04/2023 10:34:23,4534,psi,22.6,1
10/04/2023 10:34:24,4532,psi,22.6,1
10/04/2023 10:34:25,4533,psi,22.7,1
10/04/2023 10:34:26,4532,psi,22.7,1
10/04/2023 10:34:27,4532,psi,22.7,1
10/04/2023 10:34:28,4534,psi,22.7,1
10/04/2023 10:34:29,4532,psi,22.7,1
10/04/2023 10:34:30,4531,psi,22.7,1
10/04/2023 10:34:31,4531,psi,22.7,1
10/04/2023 10:34:32,4531,psi,22.7,1
10/04/2023 10:34:33,4530,psi,22.7,1
10/04/2023 10:34:34,4531,psi,22.7,1
10/04/2023 10:34:35,4530,psi,22.7,1
10/04/2023 10:34:36,4530,psi,22.7,1
10/04/2023 10:34:37,4530,psi,22.7,1
10/04/2023 10:34:38,4527,psi,22.7,1
10/04/2023 10:34:39,4529,psi,22.7,1
10/04/2023 10:34:40,4528,psi,22.7,1
10/04/2023 10:34:41,4527,psi,22.7,1
10/04/2023 10:34:42,4528,psi,22.7,1
10/04/2023 10:34:43,4528,psi,22.7,1
10/04/2023 10:34:44,4527,psi,22.7,1
10/04/2023 10:34:45,4526,psi,22.7,1
10/04/2023 10:34:46,4526,psi,22.7,1
10/04/2023 10:34:47,4526,psi,22.7,1
10/04/2023 10:34:48,4525,psi,22.7,1
10/04/2023 10:34:49,4526,psi,22.7,1
10/04/2023 10:34:50,4526,psi,22.7,1
10/04/2023 10:34:51,4525,psi,22.7,1
10/04/2023 10:34:52,4524,psi,22.7,1
10/04/2023 10:34:53,4525,psi,22.7,1
10/04/2023 10:34:54,4524,psi,22.7,1
10/04/2023 10:34:55,4524,psi,22.7,1
10/04/2023 10:34:56,4523,psi,22.7,1
10/04/2023 10:34:57,4523,psi,22.7,1
10/04/2023 10:34:58,4524,psi,22.6,1
10/04/2023 10:34:59,4523,psi,22.6,1
10/04/2023 10:35:00,4521,psi,22.6,1
10/04/2023 10:35:01,4521,psi,22.6,1
10/04/2023 10:35:02,4522,psi,22.6,1
10/04/2023 10:35:03,4521,psi,22.6,1
10/04/2023 10:35:04,4521,psi,22.6,1
10/04/2023 10:35:05,4521,psi,22.6,1
10/04/2023 10:35:06,4521,psi,22.6,1
10/04/2023 10:35:07,4520,psi,22.6,1
10/04/2023 10:35:08,4519,psi,22.6,1
10/04/2023 10:35:09,4519,psi,22.7,1
10/04/2023 10:35:10,4520,psi,22.7,1
10/04/2023 10:35:11,4518,psi,22.7,1
10/04/2023 10:35:12,4519,psi,22.7,1
10/04/2023 10:35:13,4518,psi,22.7,1
10/04/2023 10:35:14,4518,psi,22.7,1
10/04/2023 10:35:15,4519,psi,22.7,1
10/04/2023 10:35:16,4517,psi,22.7,1
10/04/2023 10:35:17,4517,psi,22.7,1
10/04/2023 10:35:18,4604,psi,22.7,1
10/04/2023 10:35:19,4775,psi,22.7,1
10/04/2023 10:35:20,4935,psi,22.7,1
10/04/2023 10:35:21,5042,psi,22.6,1
10/04/2023 10:35:22,5176,psi,22.6,1
10/04/2023 10:35:23,5332,psi,22.6,1
10/04/2023 10:35:24,5478,psi,22.6,1
10/04/2023 10:35:25,5573,psi,22.6,1
10/04/2023 10:35:26,5679,psi,22.6,1
10/04/2023 10:35:27,5813,psi,22.6,1
10/04/2023 10:35:28,5943,psi,22.6,1
10/04/2023 10:35:29,6026,psi,22.6,1
10/04/2023 10:35:30,6108,psi,22.6,1
10/04/2023 10:35:31,6228,psi,22.6,1
10/04/2023 10:35:32,6348,psi,22.7,1
10/04/2023 10:35:33,6430,psi,22.7,1
10/04/2023 10:35:34,6496,psi,22.7,1
10/04/2023 10:35:35,6612,psi,22.7,1
10/04/2023 10:35:36,6727,psi,22.7,1
10/04/2023 10:35:37,6813,psi,22.7,1
10/04/2023 10:35:38,6873,psi,22.7,1
10/04/2023 10:35:39,6983,psi,22.7,1
10/04/2023 10:35:40,7099,psi,22.7,1
10/04/2023 10:35:41,7192,psi,22.7,1
10/04/2023 10:35:42,7250,psi,22.7,1
10/04/2023 10:35:43,7353,psi,22.6,1
10/04/2023 10:35:44,7465,psi,22.6,1
10/04/2023 10:35:45,7565,psi,22.6,1
10/04/2023 10:35:46,7622,psi,22.6,1
10/04/2023 10:35:47,7718,psi,22.6,1
10/04/2023 10:35:48,7831,psi,22.6,1
10/04/2023 10:35:49,7934,psi,22.6,1
10/04/2023 10:35:50,7993,psi,22.6,1
10/04/2023 10:35:51,8081,psi,22.6,1
10/04/2023 10:35:52,8193,psi,22.6,1
10/04/2023 10:35:53,8303,psi,22.6,1
10/04/2023 10:35:54,8363,psi,22.6,1
10/04/2023 10:35:55,8445,psi,22.6,1
10/04/2023 10:35:56,8557,psi,22.6,1
10/04/2023 10:35:57,8667,psi,22.6,1
10/04/2023 10:35:58,8730,psi,22.6,1
10/04/2023 10:35:59,8806,psi,22.6,1
10/04/2023 10:36:00,8918,psi,22.6,1
10/04/2023 10:36:01,9028,psi,22.6,1
10/04/2023 10:36:02,9096,psi,22.6,1
10/04/2023 10:36:03,9168,psi,22.6,1
10/04/2023 10:36:04,9276,psi,22.6,1
10/04/2023 10:36:05,9328,psi,22.7,1
10/04/2023 10:36:06,9365,psi,22.7,1
10/04/2023 10:36:07,9424,psi,22.7,1
10/04/2023 10:36:08,9523,psi,22.7,1
10/04/2023 10:36:09,9559,psi,22.7,1
10/04/2023 10:36:10,9597,psi,22.7,1
10/04/2023 10:36:11,9677,psi,22.7,1
10/04/2023 10:36:12,9722,psi,22.7,1
10/04/2023 10:36:13,9764,psi,22.7,1
10/04/2023 10:36:14,9805,psi,22.7,1
10/04/2023 10:36:15,9897,psi,22.7,1
10/04/2023 10:36:16,9975,psi,22.7,1
10/04/2023 10:36:17,10016,psi,22.7,1
10/04/2023 10:36:18,10056,psi,22.7,1
10/04/2023 10:36:19,10127,psi,22.7,1
10/04/2023 10:36:20,10226,psi,22.7,1
10/04/2023 10:36:21,10268,psi,22.7,1
10/04/2023 10:36:22,10292,psi,22.7,1
10/04/2023 10:36:23,10386,psi,22.7,1
10/04/2023 10:36:24,10448,psi,22.7,1
10/04/2023 10:36:25,10489,psi,22.7,1
10/04/2023 10:36:26,10533,psi,22.7,1
10/04/2023 10:36:27,10634,psi,22.7,1
10/04/2023 10:36:28,10701,psi,22.7,1
10/04/2023 10:36:29,10742,psi,22.7,1
10/04/2023 10:36:30,10784,psi,22.7,1
10/04/2023 10:36:31,10901,psi,22.7,1
10/04/2023 10:36:32,10952,psi,22.7,1
10/04/2023 10:36:33,11008,psi,22.7,1
10/04/2023 10:36:34,11053,psi,22.7,1
10/04/2023 10:36:35,11183,psi,22.7,1
10/04/2023 10:36:36,11229,psi,22.7,1
10/04/2023 10:36:37,11281,psi,22.7,1
10/04/2023 10:36:38,11326,psi,22.7,1
10/04/2023 10:36:39,11454,psi,22.7,1
10/04/2023 10:36:40,11500,psi,22.7,1
10/04/2023 10:36:41,11550,psi,22.7,1
10/04/2023 10:36:42,-2,psi,22.7,1
10/04/2023 10:36:43,-3,psi,22.7,1
10/04/2023 10:36:44,-3,psi,22.7,1
10/04/2023 10:36:45,-3,psi,22.7,1
10/04/2023 10:36:46,-2,psi,22.7,1
10/04/2023 10:36:47,-4,psi,22.7,1
10/04/2023 10:36:48,-4,psi,22.7,1
10/04/2023 10:36:49,-6,psi,22.6,1
10/04/2023 10:36:50,-5,psi,22.6,1
10/04/2023 10:36:51,-6,psi,22.6,1
10/04/2023 10:36:52,-6,psi,22.6,1
10/04/2023 10:36:53,-5,psi,22.6,1
10/04/2023 10:36:54,-5,psi,22.6,1
10/04/2023 10:36:55,-6,psi,22.6,1
10/04/2023 10:36:56,-5,psi,22.6,1
10/04/2023 10:36:57,-7,psi,22.6,1
10/04/2023 10:36:58,-6,psi,22.6,1
10/04/2023 10:36:59,-5,psi,22.6,1
10/04/2023 10:37:00,-5,psi,22.7,1
10/04/2023 10:37:01,-5,psi,22.7,1
10/04/2023 10:37:02,-6,psi,22.7,1
10/04/2023 10:37:03,-5,psi,22.7,1
10/04/2023 10:37:04,-5,psi,22.7,1
